{
  "inheritsFrom": "1.14.4",
  "id": "1.14.4-Cacti",
  "releaseTime": "2019-08-18T22:29:34+0200",
  "time": "2019-08-18T22:29:34+0200",
  "type": "release",
  "mainClass": "net.fabricmc.loader.launch.knot.KnotClient",
  "arguments": {
    "game": []
  },
  "libraries": [
    {
      "name": "net.fabricmc:sponge-mixin:0.7.11.27",
      "url": "https://maven.fabricmc.net/"
    },
    {
      "name": "net.fabricmc:tiny-mappings-parser:0.1.1.8",
      "url": "https://maven.fabricmc.net/"
    },
    {
      "name": "net.fabricmc:tiny-remapper:0.1.0.33",
      "url": "https://maven.fabricmc.net/"
    },
    {
      "name": "net.fabricmc:fabric-loader-sat4j:2.3.5.4",
      "url": "https://maven.fabricmc.net/"
    },
    {
      "name": "com.google.jimfs:jimfs:1.1",
      "url": "https://maven.fabricmc.net/"
    },
    {
      "name": "org.ow2.asm:asm:7.0",
      "url": "https://maven.fabricmc.net/"
    },
    {
      "name": "org.ow2.asm:asm-analysis:7.0",
      "url": "https://maven.fabricmc.net/"
    },
    {
      "name": "org.ow2.asm:asm-commons:7.0",
      "url": "https://maven.fabricmc.net/"
    },
    {
      "name": "org.ow2.asm:asm-tree:7.0",
      "url": "https://maven.fabricmc.net/"
    },
    {
      "name": "org.ow2.asm:asm-util:7.0",
      "url": "https://maven.fabricmc.net/"
    },
    {
      "name": "net.fabricmc:yarn:1.14.4+build.1",
      "url": "https://maven.fabricmc.net/"
    },
	{
      "name": "maven:1.14.4:loader",
      "url": "http://cacti.h78.nl/"
    },
    {
      "name": "maven:1.14.4:cacti",
      "url": "http://cacti.h78.nl/"
    }
  ]
}
